avg_hours,min_hours,max_hours
460.2558155556265,-0.4263888888888889,58314.24361111111
